{"cameraMode":{"drawMode":0,"name":"Shaded","section":"Shading Mode"},"sceneLighting":false,"audioPlay":false,"sceneViewState":{"showFog":true,"showMaterialUpdate":false,"showSkybox":false,"showFlares":true,"showImageEffects":true,"showParticleSystems":true},"in2DMode":false,"pivot":{"x":0.0,"y":3.453080892562866,"z":-33.42781066894531},"rotation":{"x":-0.07400867342948914,"y":0.9231135249137878,"z":-0.22620455920696259,"w":-0.30202123522758486},"size":16.516067504882814,"orthographic":false}