{"cameraMode":{"drawMode":0,"name":"Shaded","section":"Shading Mode"},"sceneLighting":false,"audioPlay":false,"sceneViewState":{"showFog":true,"showMaterialUpdate":false,"showSkybox":false,"showFlares":true,"showImageEffects":true,"showParticleSystems":true},"in2DMode":false,"pivot":{"x":0.0,"y":0.5721898078918457,"z":3.453080415725708},"rotation":{"x":-0.07400867342948914,"y":0.9231135249137878,"z":-0.22620455920696259,"w":-0.30202123522758486},"size":16.51606559753418,"orthographic":false}